#,Company,Symbol,Weight,      Price,Chg,% Chg
1,Apple Inc.,AAPL,6.575191,   118.56,-0.47,(-0.39%)
2,Microsoft Corporation,MSFT,5.806213,   223.67,0.38,-0.17%
3,Amazon.com Inc.,AMZN,4.859934,"   3,309.50",-12.5,(-0.38%)
4,Facebook Inc. Class A,FB,2.434439,   293.05,-1.63,(-0.55%)
5,Alphabet Inc. Class A,GOOGL,1.819666,"   1,762.04",-0.47,(-0.03%)
6,Alphabet Inc. Class C,GOOG,1.778936,"   1,763.50",0.13,-0.01%
7,Berkshire Hathaway Inc. Class B,BRK.B,1.41296,   209.00,1.55,-0.75%
8,Johnson & Johnson,JNJ,1.264352,   142.98,3.22,-2.30%
9,Procter & Gamble Company,PG,1.217993,   142.50,0.12,-0.08%
10,NVIDIA Corporation,NVDA,1.201251,   582.51,16.11,-2.84%
11,UnitedHealth Group Incorporated,UNH,1.157654,   350.49,-3.91,(-1.10%)
12,Visa Inc. Class A,V,1.144982,   198.60,0.96,-0.49%
13,JPMorgan Chase & Co.,JPM,1.093215,   103.05,-1.3,(-1.25%)
14,Home Depot Inc.,HD,1.057298,   284.35,-1.5,(-0.52%)
15,Mastercard Incorporated Class A,MA,0.960766,   313.27,-3.26,(-1.03%)
16,Verizon Communications Inc.,VZ,0.827174,   58.54,0.39,-0.67%
17,PayPal Holdings Inc,PYPL,0.825072,   203.15,-1.41,(-0.69%)
18,Adobe Inc.,ADBE,0.818663,   496.00,-0.47,(-0.09%)
19,salesforce.com inc.,CRM,0.814023,   260.32,0.1,-0.04%
20,Walt Disney Company,DIS,0.788672,   127.21,0.25,-0.20%
21,Netflix Inc.,NFLX,0.778528,   514.75,0.99,-0.19%
22,Thermo Fisher Scientific Inc.,TMO,0.699933,   530.00,15.24,-2.96%
23,Merck & Co. Inc.,MRK,0.699251,   80.53,0.07,-0.09%
24,Pfizer Inc.,PFE,0.695127,   36.57,0.18,-0.49%
25,Comcast Corporation Class A,CMCSA,0.694994,   44.54,0.19,-0.43%
26,Abbott Laboratories,ABT,0.690989,   114.42,0.89,-0.78%
27,Walmart Inc.,WMT,0.684807,   145.97,2.5,-1.74%
28,AT&T Inc.,T,0.673792,   27.46,-0.05,(-0.18%)
29,Intel Corporation,INTC,0.666809,   45.43,-0.25,(-0.55%)
30,PepsiCo Inc.,PEP,0.6571,   138.38,0.33,-0.24%
31,Coca-Cola Company,KO,0.657026,   49.55,0.11,-0.22%
32,Bank of America Corp,BAC,0.645016,   24.35,-0.26,(-1.06%)
33,Costco Wholesale Corporation,COST,0.584721,   385.68,0.45,-0.12%
34,AbbVie Inc.,ABBV,0.568335,   92.41,-1.28,(-1.37%)
35,Qualcomm Inc,QCOM,0.563984,   145.08,-0.33,(-0.23%)
36,NIKE Inc. Class B,NKE,0.55382,   129.01,-0.69,(-0.53%)
37,McDonald's Corporation,MCD,0.553315,   217.79,1.48,-0.68%
38,Cisco Systems Inc.,CSCO,0.541799,   37.47,0.24,-0.64%
39,Broadcom Inc.,AVGO,0.524929,   383.09,2.22,-0.58%
40,Danaher Corporation,DHR,0.521397,   245.46,5.12,-2.13%
41,Accenture Plc Class A,ACN,0.511754,   236.29,2.3,-0.98%
42,NextEra Energy Inc.,NEE,0.503298,   75.57,0.82,-1.10%
43,Bristol-Myers Squibb Company,BMY,0.49394,   63.51,-0.24,(-0.38%)
44,Texas Instruments Incorporated,TXN,0.48979,   157.40,1.84,-1.18%
45,Exxon Mobil Corporation,XOM,0.482122,   32.84,-0.33,(-0.99%)
46,Medtronic Plc,MDT,0.480404,   103.56,-0.45,(-0.43%)
47,Chevron Corporation,CVX,0.477139,   71.14,-1,(-1.39%)
48,Amgen Inc.,AMGN,0.467048,   231.67,-0.3,(-0.13%)
49,Linde plc,LIN,0.451057,   250.32,0.56,-0.22%
50,Union Pacific Corporation,UNP,0.448215,   190.07,-2,(-1.04%)
51,Honeywell International Inc.,HON,0.442147,   184.27,0.99,-0.54%
52,Lowe's Companies Inc.,LOW,0.439647,   168.52,-0.73,(-0.43%)
53,Eli Lilly and Company,LLY,0.39713,   142.64,-2.88,(-1.98%)
54,United Parcel Service Inc. Class B,UPS,0.39706,   167.68,4.12,-2.52%
55,Philip Morris International Inc.,PM,0.379552,   70.63,-0.27,(-0.38%)
56,Oracle Corporation,ORCL,0.376552,   56.89,0.23,-0.41%
57,American Tower Corporation,AMT,0.365788,   242.15,2.23,-0.93%
58,Starbucks Corporation,SBUX,0.36412,   90.99,0.37,-0.41%
59,International Business Machines Corporation,IBM,0.351348,   114.26,-0.51,(-0.44%)
60,ServiceNow Inc.,NOW,0.349191,   535.19,4.11,-0.77%
61,Advanced Micro Devices Inc.,AMD,0.334977,   85.88,2.88,-3.47%
62,Charter Communications Inc. Class A,CHTR,0.332854,   644.49,-2.87,(-0.44%)
63,BlackRock Inc.,BLK,0.32576,   654.90,-13.29,(-1.99%)
64,3M Company,MMM,0.323012,   164.31,1.11,-0.68%
65,Wells Fargo & Company,WFC,0.31626,   21.95,-0.38,(-1.70%)
66,Intuit Inc.,INTU,0.315557,   352.80,1.84,-0.52%
67,Lockheed Martin Corporation,LMT,0.308398,   361.27,-3.43,(-0.94%)
68,Citigroup Inc.,C,0.308202,   42.78,-0.29,(-0.67%)
69,Raytheon Technologies Corporation,RTX,0.306059,   58.54,0.26,-0.44%
70,Caterpillar Inc.,CAT,0.303453,   161.75,-1.34,(-0.82%)
71,S&P Global Inc.,SPGI,0.294888,   354.36,-1.63,(-0.46%)
72,Intuitive Surgical Inc.,ISRG,0.292858,   735.50,7.22,-0.99%
73,Boeing Company,BA,0.28652,   158.30,1.21,-0.77%
74,Fidelity National Information Services Inc.,FIS,0.282433,   133.14,0.55,-0.41%
75,Zoetis Inc. Class A,ZTS,0.278948,   169.00,-1.9,(-1.11%)
76,Anthem Inc.,ANTM,0.276327,   314.00,-5.6,(-1.75%)
77,CVS Health Corporation,CVS,0.276149,   65.09,3.68,-5.99%
78,Mondelez International Inc. Class A,MDLZ,0.273192,   55.84,0.2,-0.36%
79,Target Corporation,TGT,0.27287,   161.72,3.09,-1.95%
80,Cigna Corporation,CI,0.270324,   201.20,-12.96,(-6.05%)
81,Prologis Inc.,PLD,0.26806,   104.89,-0.99,(-0.94%)
82,Deere & Company,DE,0.264908,   248.00,1.98,-0.80%
83,Gilead Sciences Inc.,GILD,0.25699,   59.10,-0.53,(-0.89%)
84,Morgan Stanley,MS,0.256257,   51.70,-0.5,(-0.96%)
85,Booking Holdings Inc.,BKNG,0.248792,"   1,783.75",15.44,-0.87%
86,Colgate-Palmolive Company,CL,0.243804,   83.03,0.02,-0.02%
87,Automatic Data Processing Inc.,ADP,0.240467,   166.23,3.52,-2.16%
88,Goldman Sachs Group Inc.,GS,0.240053,   201.26,-1.7,(-0.84%)
89,Dominion Energy Inc,D,0.240008,   83.30,0.16,-0.19%
90,General Electric Company,GE,0.239117,   8.09,0.1,-1.25%
91,Altria Group Inc,MO,0.238325,   37.28,-0.03,(-0.08%)
92,Duke Energy Corporation,DUK,0.238094,   94.25,0.03,-0.03%
93,Equinix Inc.,EQIX,0.237676,   794.39,13.34,-1.71%
94,Stryker Corporation,SYK,0.236591,   213.44,2.84,-1.35%
95,T-Mobile US Inc.,TMUS,0.23448,   123.28,6.02,-5.13%
96,Crown Castle International Corp,CCI,0.234075,   164.07,1.15,-0.71%
97,Becton Dickinson and Company,BDX,0.233825,   236.00,1.35,-0.58%
98,FedEx Corporation,FDX,0.231233,   279.51,0.44,-0.16%
99,Air Products and Chemicals Inc.,APD,0.229454,   306.72,3.38,-1.11%
100,CSX Corporation,CSX,0.228856,   86.18,-0.85,(-0.98%)
101,TJX Companies Inc,TJX,0.224996,   53.92,-0.69,(-1.26%)
102,American Express Company,AXP,0.219957,   96.86,-1.25,(-1.27%)
103,Applied Materials Inc.,AMAT,0.219609,   70.54,0.59,-0.84%
104,Southern Company,SO,0.218354,   59.96,-0.21,(-0.35%)
105,Activision Blizzard Inc.,ATVI,0.212901,   78.86,-1.28,(-1.60%)
106,Chubb Limited,CB,0.212531,   138.50,1.77,-1.29%
107,Regeneron Pharmaceuticals Inc.,REGN,0.211589,   578.03,-10.78,(-1.83%)
108,Charles Schwab Corporation,SCHW,0.210835,   41.46,0.01,-0.02%
109,Micron Technology Inc.,MU,0.208427,   55.29,0.71,-1.30%
110,Truist Financial Corporation,TFC,0.208048,   42.99,-1.94,(-4.32%)
111,Illinois Tool Works Inc.,ITW,0.2065,   209.42,0.54,-0.26%
112,Sherwin-Williams Company,SHW,0.205607,   736.10,6.28,-0.86%
113,Humana Inc.,HUM,0.19999,   432.55,-8.24,(-1.87%)
114,Lam Research Corporation,LRCX,0.198347,   409.42,9.71,-2.43%
115,Norfolk Southern Corporation,NSC,0.19802,   223.16,-2.63,(-1.16%)
116,Vertex Pharmaceuticals Incorporated,VRTX,0.19617,   220.29,0.81,-0.37%
117,Progressive Corporation,PGR,0.195196,   97.91,0.62,-0.64%
118,Fiserv Inc.,FISV,0.195192,   103.07,0.91,-0.89%
119,Intercontinental Exchange Inc.,ICE,0.194793,   100.50,-0.46,(-0.46%)
120,Autodesk Inc.,ADSK,0.192923,   259.41,3.49,-1.36%
121,U.S. Bancorp,USB,0.190572,   39.58,-0.88,(-2.18%)
122,Marsh & McLennan Companies Inc.,MMC,0.188741,   109.56,1.16,-1.07%
123,Newmont Corporation,NEM,0.187225,   68.15,0.3,-0.44%
124,Dollar General Corporation,DG,0.186622,   221.40,3.39,-1.55%
125,CME Group Inc. Class A,CME,0.184846,   151.00,0.55,-0.37%
126,Estee Lauder Companies Inc. Class A,EL,0.183536,   238.64,1.78,-0.75%
127,Global Payments Inc.,GPN,0.179537,   173.88,-0.36,(-0.21%)
128,Biogen Inc.,BIIB,0.178999,   329.01,0.11,-0.03%
129,Boston Scientific Corporation,BSX,0.173448,   35.70,0.49,-1.39%
130,PNC Financial Services Group Inc.,PNC,0.170908,   114.68,-2.49,(-2.13%)
131,Ecolab Inc.,ECL,0.167424,   203.00,6.58,-3.35%
132,Edwards Lifesciences Corporation,EW,0.165891,   78.03,0.48,-0.62%
133,Analog Devices Inc.,ADI,0.164688,   133.50,3.1,-2.38%
134,Northrop Grumman Corporation,NOC,0.163848,   301.36,-6.04,(-1.96%)
135,Moody's Corporation,MCO,0.161436,   266.61,-24.45,(-8.40%)
136,General Motors Company,GM,0.16027,   37.47,0.33,-0.89%
137,Waste Management Inc.,WM,0.16009,   119.28,-0.41,(-0.34%)
138,Kimberly-Clark Corporation,KMB,0.157406,   136.99,2.67,-1.99%
139,Illumina Inc.,ILMN,0.156385,   308.16,-3.56,(-1.14%)
140,American Electric Power Company Inc.,AEP,0.15365,   91.16,0.45,-0.49%
141,DuPont de Nemours Inc.,DD,0.15182,   59.93,-0.26,(-0.43%)
142,Eaton Corp. Plc,ETN,0.150965,   109.96,0.15,-0.14%
143,Aon Plc Class A,AON,0.147631,   190.35,4.97,-2.68%
144,Emerson Electric Co.,EMR,0.144703,   70.12,-0.35,(-0.50%)
145,Exelon Corporation,EXC,0.14352,   42.85,-0.22,(-0.51%)
146,Cognizant Technology Solutions Corporation Class A,CTSH,0.138369,   74.22,-0.02,(-0.03%)
147,Roper Technologies Inc.,ROP,0.137481,   388.42,2.42,-0.63%
148,IDEXX Laboratories Inc.,IDXX,0.136762,   480.96,12.99,-2.78%
149,Digital Realty Trust Inc.,DLR,0.136458,   146.68,-0.83,(-0.56%)
150,Centene Corporation,CNC,0.135444,   67.93,0.05,-0.07%
151,Baxter International Inc.,BAX,0.135305,   78.93,1.17,-1.50%
152,L3Harris Technologies Inc,LHX,0.134746,   178.94,-2.1,(-1.16%)
153,Xcel Energy Inc.,XEL,0.132485,   73.55,-0.18,(-0.24%)
154,Electronic Arts Inc.,EA,0.127389,   119.19,-9.14,(-7.12%)
155,Sempra Energy,SRE,0.12629,   125.00,-2.01,(-1.58%)
156,Chipotle Mexican Grill Inc.,CMG,0.125932,"   1,326.18",15.86,-1.21%
157,General Mills Inc.,GIS,0.125492,   61.29,0.73,-1.21%
158,Synopsys Inc.,SNPS,0.125067,   241.78,1.22,-0.51%
159,HCA Healthcare Inc,HCA,0.1248,   138.50,0.94,-0.68%
160,Dow Inc.,DOW,0.124524,   48.25,-0.72,(-1.47%)
161,Capital One Financial Corporation,COF,0.12354,   77.77,-0.93,(-1.18%)
162,KLA Corporation,KLAC,0.121918,   231.68,3.58,-1.57%
163,Amphenol Corporation Class A,APH,0.121426,   120.34,0.88,-0.74%
164,Align Technology Inc.,ALGN,0.121267,   478.40,-13.51,(-2.75%)
165,Public Storage,PSA,0.120601,   231.33,0.67,-0.29%
166,MSCI Inc. Class A,MSCI,0.120122,   421.15,3.42,-0.82%
167,Cadence Design Systems Inc.,CDNS,0.119303,   126.37,2.3,-1.85%
168,TE Connectivity Ltd.,TEL,0.118884,   105.08,0.3,-0.29%
169,Twitter Inc.,TWTR,0.118225,   43.15,-0.56,(-1.28%)
170,SBA Communications Corp. Class A,SBAC,0.117624,   306.62,0.8,-0.26%
171,Agilent Technologies Inc.,A,0.117304,   112.54,2.2,-1.99%
172,DexCom Inc.,DXCM,0.116854,   362.00,6.89,-1.94%
173,Cummins Inc.,CMI,0.116772,   229.05,-0.52,(-0.23%)
174,Ross Stores Inc.,ROST,0.116301,   93.86,-1.08,(-1.14%)
175,Trane Technologies plc,TT,0.116232,   144.32,3.2,-2.27%
176,O'Reilly Automotive Inc.,ORLY,0.114538,   448.51,-1.6,(-0.36%)
177,IHS Markit Ltd.,INFO,0.113186,   88.50,0.23,-0.26%
178,IQVIA Holdings Inc,IQV,0.112899,   171.44,-0.27,(-0.16%)
179,eBay Inc.,EBAY,0.112508,   50.40,0.99,-2.00%
180,PPG Industries Inc.,PPG,0.112014,   139.39,1.13,-0.82%
181,Johnson Controls International plc,JCI,0.111525,   43.74,0.26,-0.60%
182,ConocoPhillips,COP,0.111378,   29.16,-0.96,(-3.19%)
183,Travelers Companies Inc.,TRV,0.11113,   127.00,-0.51,(-0.40%)
184,General Dynamics Corporation,GD,0.111125,   137.25,-1.9,(-1.37%)
185,WEC Energy Group Inc,WEC,0.109349,   102.36,0.76,-0.75%
186,Ball Corporation,BLL,0.109278,   97.46,0.3,-0.31%
187,MetLife Inc.,MET,0.109081,   40.48,-0.65,(-1.58%)
188,Xilinx Inc.,XLNX,0.108929,   134.12,4.19,-3.22%
189,Verisk Analytics Inc,VRSK,0.108829,   197.00,2.59,-1.33%
190,T. Rowe Price Group,TROW,0.107147,   133.74,-3.64,(-2.65%)
191,PACCAR Inc,PCAR,0.107002,   90.09,-0.52,(-0.57%)
192,Ford Motor Company,F,0.10695,   7.79,-0.2,(-2.50%)
193,Eversource Energy,ES,0.106905,   92.78,0.58,-0.63%
194,Carrier Global Corp.,CARR,0.106649,   38.90,0.7,-1.83%
195,Sysco Corporation,SYY,0.106362,   61.00,0.17,-0.28%
196,Monster Beverage Corporation,MNST,0.106195,   83.26,-0.42,(-0.50%)
197,Constellation Brands Inc. Class A,STZ,0.10524,   185.78,2.3,-1.25%
198,Parker-Hannifin Corporation,PH,0.104754,   237.56,-0.42,(-0.18%)
199,Yum! Brands Inc.,YUM,0.104386,   99.38,-1.32,(-1.31%)
200,ResMed Inc.,RMD,0.104098,   214.00,1.19,-0.56%
201,Microchip Technology Incorporated,MCHP,0.102728,   125.28,6.9,-5.83%
202,Public Service Enterprise Group Inc,PEG,0.101426,   58.42,-0.37,(-0.63%)
203,Cintas Corporation,CTAS,0.101352,   340.93,1.86,-0.55%
204,Rockwell Automation Inc.,ROK,0.099091,   249.44,-0.86,(-0.34%)
205,American International Group Inc.,AIG,0.098951,   33.16,-0.27,(-0.81%)
206,Bank of New York Mellon Corporation,BK,0.098876,   35.07,-0.53,(-1.49%)
207,Zimmer Biomet Holdings Inc.,ZBH,0.098273,   138.52,-0.83,(-0.60%)
208,American Water Works Company Inc.,AWK,0.097732,   161.13,2.92,-1.85%
209,Stanley Black & Decker Inc.,SWK,0.097614,   178.85,1.02,-0.57%
210,Aptiv PLC,APTV,0.097266,   104.48,-0.3,(-0.29%)
211,Allstate Corporation,ALL,0.097056,   91.15,0.74,-0.82%
212,TransDigm Group Incorporated,TDG,0.096721,   520.46,1.17,-0.23%
213,ANSYS Inc.,ANSS,0.096335,   336.80,8.45,-2.57%
214,Best Buy Co. Inc.,BBY,0.096324,   123.97,0.91,-0.74%
215,McKesson Corporation,MCK,0.094715,   170.92,-0.03,(-0.02%)
216,Paychex Inc.,PAYX,0.094592,   88.02,1.42,-1.64%
217,Alexion Pharmaceuticals Inc.,ALXN,0.094499,   125.48,0.04,-0.03%
218,Motorola Solutions Inc.,MSI,0.093839,   164.73,3.88,-2.41%
219,Freeport-McMoRan Inc.,FCX,0.093681,   19.10,0.28,-1.49%
220,Walgreens Boots Alliance Inc,WBA,0.092791,   37.25,-0.28,(-0.75%)
221,AutoZone Inc.,AZO,0.092507,"   1,158.53",9.02,-0.78%
222,Marriott International Inc. Class A,MAR,0.09225,   104.16,3.25,-3.22%
223,Clorox Company,CLX,0.091642,   218.00,5.02,-2.36%
224,Archer-Daniels-Midland Company,ADM,0.091402,   48.27,0.36,-0.75%
225,Mettler-Toledo International Inc.,MTD,0.091039,"   1,181.11",77.37,-7.01%
226,Consolidated Edison Inc.,ED,0.090942,   77.80,-1.93,(-2.42%)
227,Fastenal Company,FAST,0.090624,   46.98,0.64,-1.38%
228,HP Inc.,HPQ,0.090322,   19.25,0.12,-0.63%
229,Corning Inc,GLW,0.09021,   34.76,0.27,-0.78%
230,Hilton Worldwide Holdings Inc,HLT,0.089679,   92.84,-1.24,(-1.32%)
231,Prudential Financial Inc.,PRU,0.088767,   64.62,-0.75,(-1.15%)
232,Kroger Co.,KR,0.087497,   33.17,0.45,-1.38%
233,Copart Inc.,CPRT,0.087234,   123.72,-0.23,(-0.19%)
234,Corteva Inc,CTVA,0.087076,   33.70,-0.24,(-0.71%)
235,Otis Worldwide Corporation,OTIS,0.087053,   63.58,0.95,-1.52%
236,Skyworks Solutions Inc.,SWKS,0.085766,   146.75,-2.37,(-1.59%)
237,Aflac Incorporated,AFL,0.084781,   36.90,-0.3,(-0.81%)
238,AMETEK Inc.,AME,0.084738,   110.32,1.27,-1.16%
239,Southwest Airlines Co.,LUV,0.083236,   40.19,-0.86,(-2.10%)
240,D.R. Horton Inc.,DHI,0.082952,   70.95,-1.96,(-2.69%)
241,DTE Energy Company,DTE,0.082366,   123.86,-1.27,(-1.01%)
242,Willis Towers Watson Public Limited Company,WLTW,0.082309,   191.50,4.78,-2.56%
243,Welltower Inc.,WELL,0.081837,   55.50,-1.35,(-2.37%)
244,Kinder Morgan Inc Class P,KMI,0.079088,   11.51,-0.39,(-3.28%)
245,Williams Companies Inc.,WMB,0.078979,   18.26,-0.85,(-4.45%)
246,McCormick & Company Incorporated,MKC,0.078866,   188.66,0.12,-0.06%
247,Fortive Corp.,FTV,0.078729,   68.37,0.42,-0.62%
248,V.F. Corporation,VFC,0.07854,   70.01,-1.43,(-2.00%)
249,Edison International,EIX,0.077386,   58.32,-1.06,(-1.79%)
250,Dollar Tree Inc.,DLTR,0.07727,   95.58,0.48,-0.50%
251,State Street Corporation,STT,0.076244,   62.23,-0.6,(-0.95%)
252,Cerner Corporation,CERN,0.075965,   72.81,0.41,-0.57%
253,Church & Dwight Co. Inc.,CHD,0.075558,   90.50,0.47,-0.52%
254,MarketAxess Holdings Inc.,MKTX,0.075102,   579.18,-1.99,(-0.34%)
255,West Pharmaceutical Services Inc.,WST,0.074866,   295.80,0.78,-0.26%
256,Lennar Corporation Class A,LEN,0.074314,   75.59,-3.13,(-3.98%)
257,PPL Corporation,PPL,0.074047,   27.55,-0.51,(-1.82%)
258,First Republic Bank,FRC,0.073763,   129.77,2.05,-1.61%
259,Schlumberger NV,SLB,0.073664,   15.34,-0.18,(-1.15%)
260,Hershey Company,HSY,0.073546,   149.37,4.77,-3.30%
261,Weyerhaeuser Company,WY,0.07321,   28.28,-0.52,(-1.81%)
262,Entergy Corporation,ETR,0.072931,   104.91,-1.91,(-1.79%)
263,Phillips 66,PSX,0.072533,   46.66,-1.53,(-3.17%)
264,VeriSign Inc.,VRSN,0.072368,   206.98,-1.34,(-0.64%)
265,Discover Financial Services,DFS,0.072158,   67.91,-0.59,(-0.86%)
266,Arthur J. Gallagher & Co.,AJG,0.07175,   110.51,0.74,-0.67%
267,Maxim Integrated Products Inc.,MXIM,0.071452,   79.48,1.59,-2.04%
268,Ameriprise Financial Inc.,AMP,0.071403,   169.78,-2.91,(-1.69%)
269,Laboratory Corporation of America Holdings,LH,0.071382,   213.93,-0.49,(-0.23%)
270,Keysight Technologies Inc,KEYS,0.071314,   112.97,1.84,-1.66%
271,EOG Resources Inc.,EOG,0.071025,   34.58,-1.02,(-2.87%)
272,AvalonBay Communities Inc.,AVB,0.070909,   147.95,-0.29,(-0.20%)
273,Marathon Petroleum Corporation,MPC,0.070864,   31.58,-0.25,(-0.79%)
274,Kraft Heinz Company,KHC,0.070607,   31.44,-0.26,(-0.82%)
275,Delta Air Lines Inc.,DAL,0.070124,   31.39,-0.59,(-1.84%)
276,FLEETCOR Technologies Inc.,FLT,0.069299,   232.11,-7.89,(-3.29%)
277,Republic Services Inc.,RSG,0.069003,   97.08,1.57,-1.64%
278,Ameren Corporation,AEE,0.06882,   81.85,-0.62,(-0.75%)
279,Realty Income Corporation,O,0.068351,   58.14,0.14,-0.24%
280,Hologic Inc.,HOLX,0.068231,   75.05,-1.62,(-2.11%)
281,CDW Corp.,CDW,0.067739,   138.05,-0.13,(-0.09%)
282,Old Dominion Freight Line Inc.,ODFL,0.067515,   207.02,0.85,-0.41%
283,Simon Property Group Inc.,SPG,0.066967,   62.20,-1.27,(-2.00%)
284,LyondellBasell Industries NV,LYB,0.065328,   72.67,-1.54,(-2.08%)
285,Take-Two Interactive Software Inc.,TTWO,0.064694,   175.19,6.51,-3.86%
286,Alexandria Real Estate Equities Inc.,ARE,0.063846,   157.12,-1.27,(-0.80%)
287,International Paper Company,IP,0.063257,   46.49,-0.4,(-0.85%)
288,Paycom Software Inc.,PAYC,0.062811,   388.12,14.86,-3.98%
289,CMS Energy Corporation,CMS,0.062733,   64.18,-0.26,(-0.40%)
290,Equifax Inc.,EFX,0.062554,   150.07,-1.58,(-1.04%)
291,Amcor PLC,AMCR,0.062473,   11.52,0.01,-0.09%
292,Zebra Technologies Corporation Class A,ZBRA,0.062334,   346.86,6.74,-1.98%
293,Vulcan Materials Company,VMC,0.062289,   134.69,-2.78,(-2.02%)
294,Equity Residential,EQR,0.061282,   51.52,-0.54,(-1.04%)
295,CBRE Group Inc. Class A,CBRE,0.060734,   52.27,-0.65,(-1.23%)
296,ViacomCBS Inc. Class B,VIAC,0.060641,   29.40,-1.89,(-6.04%)
297,Conagra Brands Inc.,CAG,0.060086,   36.07,-0.09,(-0.25%)
298,Kansas City Southern,KSU,0.059528,   183.43,-0.18,(-0.10%)
299,Las Vegas Sands Corp.,LVS,0.05939,   53.00,0.4,-0.76%
300,Etsy Inc.,ETSY,0.058915,   146.10,2.46,-1.71%
301,W.W. Grainger Inc.,GWW,0.058609,   390.63,11.79,-3.11%
302,Fifth Third Bancorp,FITB,0.058605,   23.21,-0.79,(-3.29%)
303,Dover Corporation,DOV,0.058529,   116.42,-0.95,(-0.81%)
304,Tyson Foods Inc. Class A,TSN,0.058405,   57.33,-0.38,(-0.66%)
305,Quest Diagnostics Incorporated,DGX,0.058366,   126.91,-1.14,(-0.89%)
306,Northern Trust Corporation,NTRS,0.058358,   81.66,0.08,-0.10%
307,Catalent Inc,CTLT,0.057819,   103.31,0.83,-0.81%
308,Qorvo Inc.,QRVO,0.057601,   147.27,0.58,-0.40%
309,Akamai Technologies Inc.,AKAM,0.05703,   101.63,-1.08,(-1.05%)
310,Broadridge Financial Solutions Inc.,BR,0.056767,   146.59,1.91,-1.32%
311,Teradyne Inc.,TER,0.056685,   100.38,1.06,-1.07%
312,Tyler Technologies Inc.,TYL,0.056192,   414.45,4.55,-1.11%
313,Garmin Ltd.,GRMN,0.056148,   115.20,1.93,-1.70%
314,Cooper Companies Inc.,COO,0.055838,   333.91,1.91,-0.58%
315,Xylem Inc.,XYL,0.055734,   91.08,0.26,-0.29%
316,Valero Energy Corporation,VLO,0.055638,   38.17,-1.36,(-3.44%)
317,Martin Marietta Materials Inc.,MLM,0.055626,   256.18,-4.03,(-1.55%)
318,Tractor Supply Company,TSCO,0.055523,   140.45,1.47,-1.06%
319,SVB Financial Group,SIVB,0.055514,   313.37,0.7,-0.22%
320,Fortinet Inc.,FTNT,0.055284,   117.49,-2.02,(-1.69%)
321,Kellogg Company,K,0.054894,   64.35,0.05,-0.08%
322,FirstEnergy Corp.,FE,0.0545,   29.07,-0.32,(-1.09%)
323,Incyte Corporation,INCY,0.054089,   83.18,-1.47,(-1.74%)
324,Varian Medical Systems Inc.,VAR,0.054079,   173.72,0.34,-0.20%
325,Teleflex Incorporated,TFX,0.053396,   335.94,-1.33,(-0.39%)
326,Cardinal Health Inc.,CAH,0.053348,   52.64,-0.42,(-0.79%)
327,AmerisourceBergen Corporation,ABC,0.053273,   103.95,-1.47,(-1.39%)
328,Healthpeak Properties Inc.,PEAK,0.053192,   28.08,-0.58,(-2.02%)
329,Pool Corporation,POOL,0.052918,   383.04,-0.88,(-0.23%)
330,CarMax Inc.,KMX,0.052707,   92.75,-0.57,(-0.61%)
331,Nasdaq Inc.,NDAQ,0.052538,   133.02,-0.19,(-0.14%)
332,Domino's Pizza Inc.,DPZ,0.052456,   399.85,3.63,-0.92%
333,PerkinElmer Inc.,PKI,0.052422,   141.30,2.89,-2.09%
334,STERIS Plc,STE,0.052267,   181.67,2.51,-1.40%
335,Ventas Inc.,VTR,0.05211,   39.64,-1.48,(-3.60%)
336,Masco Corporation,MAS,0.051826,   58.07,0.4,-0.69%
337,Duke Realty Corporation,DRE,0.051327,   40.78,0.19,-0.47%
338,NVR Inc.,NVR,0.051071,"   4,146.33",-115.57,(-2.71%)
339,Synchrony Financial,SYF,0.05087,   26.80,-0.68,(-2.47%)
340,Ingersoll Rand Inc.,IR,0.050784,   40.25,0.45,-1.13%
341,Essex Property Trust Inc.,ESS,0.050756,   227.16,1.03,-0.46%
342,Citrix Systems Inc.,CTXS,0.050716,   118.82,-0.6,(-0.50%)
343,Nucor Corporation,NUE,0.05071,   48.42,-0.38,(-0.78%)
344,Extra Space Storage Inc.,EXR,0.050688,   112.72,-1.18,(-1.04%)
345,Expeditors International of Washington Inc.,EXPD,0.050357,   88.32,0.91,-1.04%
346,Hartford Financial Services Group Inc.,HIG,0.0494,   39.40,-0.54,(-1.35%)
347,Celanese Corporation,CE,0.048658,   119.69,0.02,-0.02%
348,FMC Corporation,FMC,0.048626,   108.66,-0.48,(-0.44%)
349,Tiffany & Co.,TIF,0.048276,   131.15,-0.01,(-0.01%)
350,Mid-America Apartment Communities Inc.,MAA,0.048275,   122.67,-1.36,(-1.10%)
351,Expedia Group Inc.,EXPE,0.048093,   103.27,0.17,-0.16%
352,Genuine Parts Company,GPC,0.048037,   94.67,-1.55,(-1.61%)
353,Arista Networks Inc.,ANET,0.047998,   260.76,3.76,-1.46%
354,AES Corporation,AES,0.04746,   20.41,-0.56,(-2.67%)
355,Hormel Foods Corporation,HRL,0.047351,   49.90,0.34,-0.69%
356,Brown-Forman Corporation Class B,BF.B,0.046933,   75.27,0.16,-0.21%
357,United Rentals Inc.,URI,0.046819,   191.46,2.99,-1.59%
358,Waters Corporation,WAT,0.046461,   222.48,4.78,-2.20%
359,Bio-Rad Laboratories Inc. Class A,BIO,0.046454,   643.45,12.88,-2.04%
360,M&T Bank Corporation,MTB,0.045668,   99.06,-4.5,(-4.35%)
361,IDEX Corporation,IEX,0.045566,   183.02,5.25,-2.95%
362,Darden Restaurants Inc.,DRI,0.045463,   100.60,-0.92,(-0.91%)
363,Regions Financial Corporation,RF,0.045413,   13.05,-0.63,(-4.61%)
364,Pioneer Natural Resources Company,PXD,0.045323,   77.27,-2.31,(-2.90%)
365,Alliant Energy Corp,LNT,0.045303,   54.57,-0.31,(-0.56%)
366,J.M. Smucker Company,SJM,0.045016,   116.62,0.82,-0.71%
367,NortonLifeLock Inc.,NLOK,0.044738,   20.69,-1.33,(-6.04%)
368,Gartner Inc.,IT,0.044578,   147.98,1.73,-1.18%
369,KeyCorp,KEY,0.044574,   12.82,-0.34,(-2.58%)
370,Jacobs Engineering Group Inc.,J,0.043847,   97.61,-0.15,(-0.15%)
371,ONEOK Inc.,OKE,0.04358,   27.01,-1.53,(-5.36%)
372,Evergy Inc.,EVRG,0.043289,   55.04,-0.15,(-0.27%)
373,Whirlpool Corporation,WHR,0.042766,   202.83,4.07,-2.05%
374,CenterPoint Energy Inc.,CNP,0.042575,   22.86,0.19,-0.84%
375,Teledyne Technologies Incorporated,TDY,0.04251,   336.83,0.62,-0.18%
376,PulteGroup Inc.,PHM,0.042427,   44.11,-1.91,(-4.15%)
377,Citizens Financial Group Inc.,CFG,0.042414,   27.71,-1.2,(-4.15%)
378,Fortune Brands Home & Security Inc.,FBHS,0.042309,   88.14,-0.99,(-1.11%)
379,Avery Dennison Corporation,AVY,0.042104,   148.26,1.22,-0.83%
380,ABIOMED Inc.,ABMD,0.04198,   272.21,-0.19,(-0.07%)
381,Leidos Holdings Inc.,LDOS,0.04181,   90.47,-0.93,(-1.02%)
382,Ulta Beauty Inc,ULTA,0.041468,   215.02,0.76,-0.35%
383,Hewlett Packard Enterprise Co.,HPE,0.041286,   9.19,-0.09,(-0.97%)
384,C.H. Robinson Worldwide Inc.,CHRW,0.041191,   90.62,1.82,-2.05%
385,Eastman Chemical Company,EMN,0.040606,   85.03,-1.39,(-1.61%)
386,Seagate Technology PLC,STX,0.040472,   53.57,0.82,-1.55%
387,Jack Henry & Associates Inc.,JKHY,0.040194,   157.16,3.5,-2.28%
388,Packaging Corporation of America,PKG,0.039607,   123.21,0.67,-0.55%
389,International Flavors & Fragrances Inc.,IFF,0.039446,   108.56,1.01,-0.94%
390,Western Digital Corporation,WDC,0.039317,   39.85,0.7,-1.79%
391,Atmos Energy Corporation,ATO,0.03899,   93.64,-1.38,(-1.45%)
392,Albemarle Corporation,ALB,0.038648,   112.20,6.7,-6.35%
393,Westinghouse Air Brake Technologies Corporation,WAB,0.038354,   61.13,-1.27,(-2.04%)
394,Cincinnati Financial Corporation,CINF,0.03832,   74.25,-0.3,(-0.40%)
395,Principal Financial Group Inc.,PFG,0.038173,   41.83,-1.18,(-2.74%)
396,Halliburton Company,HAL,0.037969,   12.29,-0.28,(-2.23%)
397,Advance Auto Parts Inc.,AAP,0.037219,   156.38,-0.05,(-0.03%)
398,Huntington Bancshares Incorporated,HBAN,0.036948,   10.21,-0.36,(-3.41%)
399,Royal Caribbean Group,RCL,0.036855,   58.50,-1.67,(-2.78%)
400,Omnicom Group Inc,OMC,0.03684,   48.36,-0.96,(-1.95%)
401,Hasbro Inc.,HAS,0.036817,   84.34,0.24,-0.29%
402,Boston Properties Inc.,BXP,0.036372,   73.56,-1.18,(-1.58%)
403,J.B. Hunt Transport Services Inc.,JBHT,0.036086,   124.55,-1.41,(-1.12%)
404,NetApp Inc.,NTAP,0.035643,   47.01,0.3,-0.64%
405,United Airlines Holdings Inc.,UAL,0.035359,   34.66,-0.69,(-1.95%)
406,Baker Hughes Company Class A,BKR,0.035096,   15.57,-0.16,(-1.02%)
407,DENTSPLY SIRONA Inc.,XRAY,0.034993,   45.89,-0.72,(-1.55%)
408,Hess Corporation,HES,0.034771,   36.49,-0.51,(-1.38%)
409,WestRock Company,WRK,0.03448,   39.02,-0.21,(-0.54%)
410,UDR Inc.,UDR,0.034042,   33.52,-0.33,(-0.97%)
411,Lamb Weston Holdings Inc.,LW,0.033947,   66.39,-1.37,(-2.02%)
412,Raymond James Financial Inc.,RJF,0.033812,   77.51,-2.13,(-2.67%)
413,LKQ Corporation,LKQ,0.03353,   33.96,-0.88,(-2.53%)
414,Campbell Soup Company,CPB,0.033445,   47.99,-0.07,(-0.15%)
415,Allegion PLC,ALLE,0.033433,   102.83,-1.3,(-1.25%)
416,Pinnacle West Capital Corporation,PNW,0.032533,   83.79,-0.69,(-0.82%)
417,Universal Health Services Inc. Class B,UHS,0.031466,   116.62,-1.2,(-1.02%)
418,Fox Corporation Class A,FOXA,0.031424,   26.00,-0.61,(-2.29%)
419,BorgWarner Inc.,BWA,0.031086,   36.43,-0.59,(-1.59%)
420,Cboe Global Markets Inc,CBOE,0.031046,   84.65,1.6,-1.93%
421,Pentair plc,PNR,0.03104,   54.15,0.38,-0.71%
422,Loews Corporation,L,0.031035,   37.69,-0.2,(-0.53%)
423,MGM Resorts International,MGM,0.030739,   22.03,0.19,-0.87%
424,Textron Inc.,TXT,0.030652,   38.83,0.06,-0.15%
425,Quanta Services Inc.,PWR,0.030594,   65.12,0.63,-0.98%
426,Rollins Inc.,ROL,0.030545,   63.16,-0.13,(-0.21%)
427,Lumen Technologies Inc.,LUMN,0.030523,   9.09,-0.19,(-2.05%)
428,Snap-on Incorporated,SNA,0.030415,   162.65,0.94,-0.58%
429,W. R. Berkley Corporation,WRB,0.030402,   62.08,-0.82,(-1.30%)
430,Henry Schein Inc.,HSIC,0.030205,   61.67,0.1,-0.16%
431,Occidental Petroleum Corporation,OXY,0.03013,   10.01,-0.46,(-4.39%)
432,NiSource Inc,NI,0.03005,   23.22,-0.43,(-1.82%)
433,Concho Resources Inc.,CXO,0.029922,   42.39,-1.24,(-2.84%)
434,Western Union Company,WU,0.029487,   20.59,-0.29,(-1.39%)
435,Everest Re Group Ltd.,RE,0.029199,   210.68,-1.15,(-0.54%)
436,Globe Life Inc.,GL,0.029059,   84.70,-1.6,(-1.85%)
437,F5 Networks Inc.,FFIV,0.028861,   144.37,3.52,-2.50%
438,Live Nation Entertainment Inc.,LYV,0.02736,   56.00,-0.43,(-0.76%)
439,Iron Mountain Inc.,IRM,0.026962,   27.25,-0.23,(-0.84%)
440,NRG Energy Inc.,NRG,0.026954,   31.23,-0.89,(-2.77%)
441,Mylan N.V.,MYL,0.026694,   14.65,-0.49,(-3.24%)
442,Assurant Inc.,AIZ,0.026493,   127.09,-0.27,(-0.21%)
443,Host Hotels & Resorts Inc.,HST,0.026487,   10.49,-0.45,(-4.07%)
444,Wynn Resorts Limited,WYNN,0.026482,   80.07,-0.06,(-0.07%)
445,L Brands Inc.,LB,0.026164,   32.90,-1.14,(-3.35%)
446,Interpublic Group of Companies Inc.,IPG,0.025852,   18.99,-0.54,(-2.76%)
447,Newell Brands Inc,NWL,0.025549,   19.04,-0.52,(-2.65%)
448,DaVita Inc.,DVA,0.025386,   98.20,0.05,-0.05%
449,Carnival Corporation,CCL,0.025245,   13.85,-0.33,(-2.33%)
450,Mohawk Industries Inc.,MHK,0.025122,   120.58,-1.59,(-1.30%)
451,Howmet Aerospace Inc.,HWM,0.025047,   19.10,0.26,-1.38%
452,A. O. Smith Corporation,AOS,0.025035,   54.56,0.74,-1.37%
453,Molson Coors Beverage Company Class B,TAP,0.024566,   38.32,0.07,-0.18%
454,IPG Photonics Corporation,IPGP,0.024017,   198.89,1.34,-0.68%
455,Juniper Networks Inc.,JNPR,0.023605,   20.59,0.08,-0.39%
456,Tapestry Inc.,TPR,0.023441,   24.32,-0.39,(-1.58%)
457,DISH Network Corporation Class A,DISH,0.023227,   27.71,0.32,-1.17%
458,Sealed Air Corporation,SEE,0.022736,   42.16,-0.26,(-0.61%)
459,Cabot Oil & Gas Corporation,COG,0.022529,   16.44,-0.01,(-0.06%)
460,Lincoln National Corporation,LNC,0.022418,   34.07,-1.83,(-5.10%)
461,Comerica Incorporated,CMA,0.022202,   44.95,-1.52,(-3.27%)
462,Huntington Ingalls Industries Inc.,HII,0.021303,   152.72,0.91,-0.60%
463,Perrigo Co. Plc,PRGO,0.021123,   44.70,-0.51,(-1.13%)
464,Discovery Inc. Class C,DISCK,0.020592,   18.88,-0.48,(-2.48%)
465,Robert Half International Inc.,RHI,0.02057,   51.74,-0.48,(-0.92%)
466,Mosaic Company,MOS,0.020553,   16.89,-0.28,(-1.63%)
467,CF Industries Holdings Inc.,CF,0.020092,   27.33,-0.01,(-0.04%)
468,American Airlines Group Inc.,AAL,0.019848,   11.44,-0.16,(-1.38%)
469,Regency Centers Corporation,REG,0.019619,   34.05,-2.13,(-5.89%)
470,Leggett & Platt Incorporated,LEG,0.018761,   40.67,-1.64,(-3.88%)
471,Franklin Resources Inc.,BEN,0.018508,   19.81,-0.32,(-1.59%)
472,Invesco Ltd.,IVZ,0.01846,   13.88,-0.55,(-3.81%)
473,Zions Bancorporation N.A.,ZION,0.018356,   31.95,-0.63,(-1.93%)
474,News Corporation Class A,NWSA,0.017966,   15.16,1.16,-8.29%
475,Vornado Realty Trust,VNO,0.017333,   30.37,-1.48,(-4.65%)
476,Federal Realty Investment Trust,FRT,0.01727,   70.99,-1.11,(-1.54%)
477,DXC Technology Co.,DXC,0.017193,   18.27,-1.31,(-6.69%)
478,Nielsen Holdings Plc,NLSN,0.016986,   14.18,0.05,-0.35%
479,Alaska Air Group Inc.,ALK,0.016553,   38.23,-0.95,(-2.42%)
480,FLIR Systems Inc.,FLIR,0.016417,   34.80,-0.85,(-2.38%)
481,People's United Financial Inc.,PBCT,0.01607,   10.49,-0.52,(-4.72%)
482,Hanesbrands Inc.,HBI,0.015952,   12.81,-0.52,(-3.90%)
483,PVH Corp.,PVH,0.015219,   59.10,-3.34,(-5.35%)
484,Norwegian Cruise Line Holdings Ltd.,NCLH,0.015214,   16.92,-0.33,(-1.91%)
485,Kimco Realty Corporation,KIM,0.01509,   10.26,-0.33,(-3.12%)
486,Gap Inc.,GPS,0.015038,   21.40,0.1,-0.47%
487,Diamondback Energy Inc.,FANG,0.014483,   24.99,-1.21,(-4.62%)
488,Fox Corporation Class B,FOX,0.014467,   25.74,-0.63,(-2.39%)
489,Flowserve Corporation,FLS,0.013871,   28.97,-2.65,(-8.38%)
490,Vontier Corp,VNT,0.013602,   28.94,-0.41,(-1.40%)
491,Apartment Investment & Management Co Class A,AIV,0.013558,   25.86,-0.69,(-2.60%)
492,Unum Group,UNM,0.013539,   18.13,-0.75,(-3.97%)
493,Devon Energy Corporation,DVN,0.013387,   9.76,-0.29,(-2.89%)
494,National Oilwell Varco Inc.,NOV,0.012183,   9.00,-0.3,(-3.23%)
495,Xerox Holdings Corporation,XRX,0.012147,   19.19,0.15,-0.79%
496,Ralph Lauren Corporation Class A,RL,0.011964,   68.23,-1.7,(-2.43%)
497,Marathon Oil Corporation,MRO,0.011851,   4.17,-0.12,(-2.80%)
498,Discovery Inc. Class A,DISCA,0.011568,   20.93,-0.5,(-2.33%)
499,Apache Corporation,APA,0.011511,   8.54,-0.44,(-4.85%)
500,SL Green Realty Corp.,SLG,0.011429,   43.82,-1.57,(-3.46%)
